{
    "transcription_id": "e4f0f909-8772-4b18-a397-a9b4c4726476",
    "transcript": {
        "alignment": [
          0.0,
          10.88,
          17.08,
          17.88,
        ]
        "text": " Hi, my name is Rany and my name is Alexey and I would like you to translate what we're speaking about which is We're speaking a very about very complicated things. So they're very hard to dub. Yeah, I'd like to translate them into German French Spanish and Spanish. Yeah, please do this",
        "segments": [
            {
                "id": 0,
                "seek": 0,
                "start": 0.0,
                "end": 10.0,
                "text": " Hi, my name is Rany and my name is Alexey and I would like you to translate what we're speaking about which is",
                "tokens": [
                    50364,
                    2421,
                    11,
                    452,
                    1315,
                    307,
                    497,
                    3782,
                    293,
                    452,
                    1315,
                    307,
                    5202,
                    17067,
                    293,
                    286,
                    576,
                    411,
                    291,
                    281,
                    13799,
                    437,
                    321,
                    434,
                    4124,
                    466,
                    597,
                    307,
                    50864
                ],
                "temperature": 0.0,
                "avg_logprob": -0.43496982471362966,
                "compression_ratio": 1.615819209039548,
                "no_speech_prob": 0.03024068847298622
            },
            {
                "id": 1,
                "seek": 0,
                "start": 10.88,
                "end": 17.080000000000002,
                "text": " We're speaking a very about very complicated things. So they're very hard to dub. Yeah, I'd like to translate them into",
                "tokens": [
                    50908,
                    492,
                    434,
                    4124,
                    257,
                    588,
                    466,
                    588,
                    6179,
                    721,
                    13,
                    407,
                    436,
                    434,
                    588,
                    1152,
                    281,
                    18540,
                    13,
                    865,
                    11,
                    286,
                    1116,
                    411,
                    281,
                    13799,
                    552,
                    666,
                    51218
                ],
                "temperature": 0.0,
                "avg_logprob": -0.43496982471362966,
                "compression_ratio": 1.615819209039548,
                "no_speech_prob": 0.03024068847298622
            },
            {
                "id": 2,
                "seek": 0,
                "start": 17.88,
                "end": 19.88,
                "text": " German French",
                "tokens": [
                    51258,
                    6521,
                    5522,
                    51358
                ],
                "temperature": 0.0,
                "avg_logprob": -0.43496982471362966,
                "compression_ratio": 1.615819209039548,
                "no_speech_prob": 0.03024068847298622
            },
            {
                "id": 3,
                "seek": 0,
                "start": 20.0,
                "end": 22.7,
                "text": " Spanish and Spanish. Yeah, please do this",
                "tokens": [
                    51364,
                    8058,
                    293,
                    8058,
                    13,
                    865,
                    11,
                    1767,
                    360,
                    341,
                    51499
                ],
                "temperature": 0.0,
                "avg_logprob": -0.43496982471362966,
                "compression_ratio": 1.615819209039548,
                "no_speech_prob": 0.03024068847298622
            }
        ],
        "language": "en"
    },
    "track": {
        "title": null,
        "artist": null,
        "album": null,
        "comment": null,
        "date": null,
        "duration": 23.189864,
        "path": "/media/e4f0f909-8772-4b18-a397-a9b4c4726476.wav"
    }
}
